name,category,calories,protein,carbs,fat,fiber,standardUnit

กระเจี๊ยบเปรี้ยว ใบ ดิบ,vegetable,18.29,0.54,3.96,0.03,0,ถ้วยตวง
กระเจี๊ยบมอญ ฝักอ่อน ดิบ,vegetable,25.76,1.71,4.22,0.23,2.39,ถ้วยตวง
กระเจียว ดอก ดิบ,vegetable,32.04,1.23,5.48,0.58,0,ถ้วยตวง
กระชาย ดิบ,vegetable,28.35,0.43,5.47,0.53,0.74,ถ้วยตวง
กระโดน / จิก ดอก ดิบ,vegetable,62.73,2.18,13.09,0.18,0,ถ้วยตวง
กระถิน ฝักแก่ ดิบ,vegetable,119.79,8.71,18.53,1.2,13.44,ถ้วยตวง
กระถิน ฝักอ่อน ดิบ,vegetable,14.21,0.85,2.52,0.08,1.78,ทัพพี
กระถิน เมล็ด ดิบ,vegetable,48.52,3.78,7.36,0.44,0,ทัพพี
กระถิน ยอดอ่อน ดิบ,vegetable,21.68,2.45,2.77,0.09,1.65,ถ้วยตวง
กระท้อนกวน,vegetable,834.9,1.84,205.85,0.46,8.74,ถ้วยตวง
กระท้อน / สะท้อน,vegetable,60.18,0.41,14.18,0.2,0,ถ้วยตวง
กระเทียมจีน หัวใหญ่,vegetable,152.91,7.26,30.7,0.12,5.59,ถ้วยตวง
กระเทียมจีน หัวใหญ่ เผา,vegetable,198.26,9.41,39.81,0.15,7.25,ถ้วยตวง
กระเทียมเจียว กรอบแห้ง,vegetable,294.95,7.12,30.09,16.23,5.48,ถ้วยตวง
กระเทียม ดอก ดิบ,vegetable,56.7,1.76,11.84,0.25,0,ถ้วยตวง
กระเทียม ดอง,vegetable,5.39,0.18,1.14,0.01,0.26,ช้อนโต๊ะ
กระเทียมไทย หัวเล็ก,vegetable,152.91,7.26,30.7,0.12,5.59,ถ้วยตวง
กระเทียมไทย หัวเล็ก คั่ว,vegetable,198.26,9.41,39.81,0.15,7.25,ถ้วยตวง
กระเทียมไทย หัวเล็ก เผา,vegetable,198.26,9.41,39.81,0.15,7.25,ถ้วยตวง
กระเทียม ใบและต้น ดิบ,vegetable,58.19,2.86,10.45,0.55,0,ถ้วยตวง
กระเทียม หัว,vegetable,159.36,7.49,31.8,0.25,5.58,ถ้วยตวง
กระวาน ใบ,vegetable,86.28,2.2,16.08,1.46,0,ถ้วยตวง
กะเพรา ใบ ดิบ,vegetable,42.06,2.78,6.88,0.38,3.44,ถ้วยตวง
กะหล่ำดอก ดิบ,vegetable,33.89,2.62,5.32,0.24,2.07,ถ้วยตวง
กะหล่ำดอก ต้ม,vegetable,29.52,1.95,4.36,0.48,2.44,ถ้วยตวง
กะหล่ำปม ดิบ,vegetable,49.42,2.8,9.24,0.14,5.46,ถ้วยตวง
กะหล่ำปม ต้ม,vegetable,40.46,2.38,7.42,0.14,1.26,ถ้วยตวง
กะหล่ำปลี ดิบ,vegetable,21.7,1.18,3.94,0.14,1.31,ถ้วยตวง
กะหล่ำปลีม่วง ดิบ,vegetable,29.68,1.16,5.97,0.13,1.7,ถ้วยตวง
ไก่ ข้อ / เข่า ต้ม,vegetable,68.98,7.22,0.07,4.42,0,ทัพพี
ไก่ ข้อ / เข่า ทอด,vegetable,78.38,9.68,0.3,4.27,0,ทัพพี
ข่าแก่,vegetable,44.66,0.87,9.82,0.21,1.25,ถ้วยตวง
ข่าแก่ คั่ว / เผา,vegetable,153.85,2.52,34.69,0.56,0,ถ้วยตวง
ข่า ดอก ดิบ,vegetable,31.09,0.96,6.81,0,0,ถ้วยตวง
ข่าอ่อน หน่อ,vegetable,22.18,2.02,2.39,0.5,0,ถ้วยตวง
ข่าอ่อน หัว,vegetable,25.58,1.64,3.91,0.38,1.76,ถ้วยตวง
ขิงแก่,vegetable,47.25,1.51,9.45,0.38,1.51,ถ้วยตวง
ขิงแก่ คั่ว,vegetable,104.89,3.36,20.98,0.84,3.36,ถ้วยตวง
ขิงแก่ เผา,vegetable,104.89,3.36,20.98,0.84,3.36,ถ้วยตวง
ขิง ดอง เค็ม,vegetable,46.49,0.63,10.71,0.13,1.26,ถ้วยตวง
ขิง ดอง เปรี้ยว,vegetable,41.45,0.63,9.45,0.13,1.26,ถ้วยตวง
ขิง หั่นฝอย,vegetable,40.74,0.78,8.81,0.26,0,ถ้วยตวง
ขิง อ่อน ดิบ,vegetable,15.5,0.63,2.39,0.38,0.76,ถ้วยตวง
แขนงกะหล่ำ ดิบ,vegetable,31.01,2.69,4.69,0.17,3.11,ถ้วยตวง
แค ดอก ดิบ,vegetable,35.99,1.71,6.86,0.19,5.82,ถ้วยตวง
แค ดอก นึ่ง,vegetable,24.63,1.08,4.97,0.05,2.94,ถ้วยตวง
แค ยอดอ่อน ดิบ,vegetable,32.07,2.55,4.16,0.58,2.53,ถ้วยตวง
แค ยอดอ่อน ต้ม,vegetable,19.52,1.84,2.24,0.35,2.04,ถ้วยตวง
แครอท ดิบ,vegetable,16.01,0.69,3.09,0.1,1.45,ทัพพี
แครอท อบกรอบ,vegetable,277.58,3.17,26.44,17.68,9.26,ถ้วยตวง
ซอสพริกผสมมะเขือเทศ,vegetable,254.57,5.69,56.42,0.68,0,ถ้วยตวง
ซีเซ็กฉ่าย / ผักผสมดองเค็ม,vegetable,43.33,1.57,8.87,0.17,0,ถ้วยตวง
ตะไคร้,vegetable,65.63,0.75,13.16,1.11,7.6,ถ้วยตวง
แตงกวา ดอง เค็ม,vegetable,17.03,1.57,2.1,0.26,0.66,ถ้วยตวง
แตงกวา ดอง เปรี้ยว,vegetable,15.93,0.43,2.96,0.26,1.57,ถ้วยตวง
แตงกวา ดอง หวาน,vegetable,118.7,0.76,27.71,0.54,1.31,ถ้วยตวง
แตงกวา ดิบ,vegetable,28.04,1.03,5.69,0.13,1.29,ถ้วยตวง
ถั่วงอก ดอง,vegetable,12.28,1.13,1.8,0.06,0,ทัพพี
ถั่วงอก ดิบ,vegetable,11.79,1.15,1.72,0.03,0.66,ทัพพี
ถั่วงอก ต้ม,vegetable,14.04,0.75,2.69,0.03,0.44,ทัพพี
ถั่วงอก ในน้ำเกลือ,vegetable,7,0.61,0.99,0.07,0.65,ทัพพี
ถั่วงอกหัวโต (ถั่วเหลือง) ดิบ,vegetable,27.13,3.09,1.09,1.16,0.2,ทัพพี
ถั่วงอกหัวโต (ถั่วเหลือง) สุก,vegetable,15.06,1.63,1.6,0.24,0.14,ทัพพี
ถั่วฝักยาว ดิบ,vegetable,13.93,0.94,2.31,0.1,1.39,ทัพพี
ถั่วฝักยาว ต้ม,vegetable,43.55,2.81,7.86,0.1,3.49,ถ้วยตวง
ถั่วฝักยาว เมล็ดแห้ง ดิบ,vegetable,171.95,13.64,27.45,0.84,0,ทัพพี
น้ำขิง,vegetable,43.84,0,10.96,0,0,ถ้วยตวง
น้ำแครอทผสมผลไม้รวม 100% (ตรา ยูนิฟ),vegetable,93.37,0,23.34,0,0,ถ้วยตวง
น้ำแครอทม่วงผสมผลไม้รวม 100% (ตรา ยูนิฟ),vegetable,106.1,0,26.52,0,0,ถ้วยตวง
น้ำผลไม้รวมผสมผักใบเขียว 100% (ตรา ยูนิฟ),vegetable,106.1,0,26.52,0,0,ถ้วยตวง
น้ำมะเขือเทศ,vegetable,71.99,1.32,15.63,0.46,1.37,ถ้วยตวง
น้ำมะเขือเทศผสมน้ำผลไม้รวม 60% (ตรา มาลี เซลฟ์พลัส),vegetable,114.59,0,28.65,0,0,ถ้วยตวง
บร็อคโคลี่ ดิบ,vegetable,30.95,2.41,5.13,0.09,2.09,ถ้วยตวง
บวบงู ดิบ,vegetable,16.53,1.03,2.85,0.11,0,ถ้วยตวง
บวบงู ต้ม,vegetable,18.49,0.94,3.45,0.1,0,ถ้วยตวง
บวบป่า ใบและยอด (ตะกู่ไมดุ) ต้ม (กะเหรี่ยงเมืองกาญฯ),vegetable,35.1,2.9,5.2,0.3,3.6,ถ้วยตวง
บวบหอม / บวบกลม ดิบ,vegetable,40.41,1.61,8.01,0.21,2.32,ถ้วยตวง
บวบหอม / บวบกลม ยอดอ่อน ดิบ,vegetable,24.3,2.58,2.93,0.25,0,ถ้วยตวง
บวบเหลี่ยม / บวบหวาน ดิบ,vegetable,36.7,1.28,7.64,0.11,1.86,ถ้วยตวง
เบญจรงค์ / อ่อมแซบ / ตำลึงหวาน ใบ ดิบ,vegetable,5.91,0.5,0.91,0.03,0.71,ถ้วยตวง
แบะแซ,vegetable,1062.2,0,265.55,0,0,ถ้วยตวง
ใบเตย,vegetable,31.71,1.28,5.03,0.72,0,ถ้วยตวง
ใบมะกรูด,vegetable,31.69,1.27,5.04,0.72,1.39,ถ้วยตวง
ใบมะกรูด ค่อนข้างแห้ง,vegetable,32.09,1.58,4.83,0.72,0,ถ้วยตวง
ใบมะงั่ว (สะซุ่ยลา) ต้ม (กะเหรี่ยงเมืองกาญฯ),vegetable,106.8,4.3,17,2.4,14.1,ถ้วยตวง
ป่นมะเขือยาว,vegetable,112.25,7.23,13.15,3.41,5.17,ถ้วยตวง
ป่นเห็ดโคน,vegetable,82.7,7.28,11.31,0.93,2.93,ถ้วยตวง
ป่นเห็ดเผาะ,vegetable,151.15,3.23,34.02,0.24,0.41,ถ้วยตวง
ผักกระเฉด ดิบ,vegetable,35.92,3.26,5.02,0.31,3.71,ถ้วยตวง
ผักกระโดน ดิบ,vegetable,15.32,0.65,3,0.08,1.67,ถ้วยตวง
ผักกระสัง ดิบ,vegetable,11.63,0.68,1.71,0.23,0,ถ้วยตวง
ผักกวางตุ้ง / กะจ้อน / กาดจอ ดิบ,vegetable,8.31,0.64,1.29,0.06,0.84,ทัพพี
ผักกวางตุ้ง ดอก ดิบ,vegetable,15.14,1.86,1.28,0.29,0,ถ้วยตวง
ผักกวางตุ้ง ต้ม,vegetable,15.55,1.41,2.01,0.21,1.83,ถ้วยตวง
ผักกวางตุ้ง ไต้หวัน ดิบ,vegetable,6.42,0.47,0.89,0.11,0.32,ทัพพี
ผักกาดแก้วชนิดกรอบ ดิบ,vegetable,7.33,0.46,1.16,0.09,0.23,ถ้วยตวง
ผักกาดแก้วชนิดแข็ง ดิบ,vegetable,7.33,0.7,0.93,0.09,0.19,ถ้วยตวง
ผักกาดขาว ดิบ,vegetable,16.88,2.11,1.83,0.13,2.6,ถ้วยตวง
ผักกาดขาวใบเขียว ดิบ,vegetable,16.64,1.6,2.01,0.25,1.97,ถ้วยตวง
ผักกาดขาวปลี ดิบ,vegetable,18.33,1.97,2.34,0.12,0,ถ้วยตวง
ผักกาดเขียว ดิบ,vegetable,28.54,3.08,2.95,0.49,2.95,ถ้วยตวง
ผักกาดเขียว ต้ม,vegetable,25.86,2.18,3.71,0.26,2.43,ถ้วยตวง
ผักกาด ดอง,vegetable,12.38,0.86,2.24,0,0.86,ถ้วยตวง
ผักกาดดอง กระป๋อง / ฮั่วน่ำฉ่าย,vegetable,32.02,1.13,6.87,0,0,ถ้วยตวง
ผักกาดหอมม่วง ดิบ,vegetable,5.23,0.43,0.72,0.07,0.29,ถ้วยตวง
ผักกาดหอม / หอมปลี / ผักสลัด ดิบ,vegetable,5.06,0.45,0.72,0.04,0.45,ถ้วยตวง
ผักกุ่ม ดอง,vegetable,14.88,0.57,2.65,0.22,0,ทัพพี
ผักกูด ดิบ,vegetable,7.68,0.68,0.88,0.16,0,ทัพพี
ผักกูด ดิบ (กะเหรี่ยงเมืองกาญฯ),vegetable,37.2,2.66,5.2,0.64,4.9,ถ้วยตวง
ผักกูด ต้ม (กะเหรี่ยงเมืองกาญฯ),vegetable,32.7,2.9,3.7,0.7,3.7,ถ้วยตวง
ผักขึ้นฉ่าย / ชีจีน ดิบ,vegetable,22.28,1.32,3.9,0.16,2.24,ถ้วยตวง
ผักแขยง ดิบ,vegetable,18.09,0.84,3.3,0.17,2.46,ถ้วยตวง
ผักโขมน้อย ดิบ,vegetable,25.15,2.64,2.79,0.38,2.76,ถ้วยตวง
ผักโขมราชินี ดิบ,vegetable,9.14,1.58,0.22,0.22,1.87,ถ้วยตวง
ผักโขมใหญ่ ดิบ,vegetable,20.34,2.24,2.35,0.22,0,ถ้วยตวง
ผักคราด ดิบ,vegetable,65.58,3.55,10.57,1.01,3.25,ถ้วยตวง
ผักคะน้า ดิบ,vegetable,22.63,2,3.08,0.26,2.39,ถ้วยตวง
ผักคะน้า ต้ม,vegetable,20.06,2.02,2.62,0.17,0,ถ้วยตวง
ผักคะน้า ยอดอ่อน ดิบ,vegetable,26.12,2.18,3.78,0.25,0,ถ้วยตวง
ผักคะน้าฮ่องกง ดิบ,vegetable,11.41,0.79,1.66,0.18,0.79,ทัพพี
ผักจวง ดิบ,vegetable,139.06,3.57,30.43,0.34,20.66,ถ้วยตวง
ผักชี ดิบ,vegetable,7.23,0.47,1.21,0.06,0.6,ถ้วยตวง
ผักชีฝรั่ง / หอมเป ดิบ,vegetable,12.74,0.78,2.17,0.11,1.25,ถ้วยตวง
ผักชี เมล็ด,vegetable,16.27,0.68,3.32,0.03,2,ช้อนโต๊ะ
ผักชี ราก,vegetable,11.48,0.34,2.44,0.04,1.16,ถ้วยตวง
ผักชีไร่ / หอมแย่ / ผักสะแงะ ดิบ,vegetable,6.38,0.46,1,0.06,0.6,ถ้วยตวง
ผักชีล้อม / ผักอ้นอ้อ ดิบ,vegetable,18.56,0.84,3.46,0.15,1.71,ถ้วยตวง
ผักชีลาว / ชีฝอย ดิบ,vegetable,17.31,1.55,2.21,0.25,1.9,ถ้วยตวง
ผักเชียงดา ดิบ,vegetable,15.22,1.24,2.3,0.12,0,ถ้วยตวง
ผักดาวส้มดาวขม ดิบ,vegetable,29.77,2.7,3.73,0.45,0,ถ้วยตวง
ผักตำลึง ดิบ,vegetable,33.15,3.72,4.13,0.2,2.73,ถ้วยตวง
ผักติ้ว ดิบ,vegetable,24.49,0.68,4.54,0.4,0,ถ้วยตวง
ผักติ้วมอญ ดิบ,vegetable,23.11,0.83,3.43,0.67,0,ถ้วยตวง
ผักบ็อกซอย ดิบ,vegetable,6.23,0.76,0.72,0.04,0.58,ทัพพี
ผักบุ้งจีน ดิบ,vegetable,7.16,0.84,0.74,0.09,0.74,ทัพพี
ผักบุ้งไทย ต้นขาว ดิบ,vegetable,10.06,0.69,1.51,0.14,1.33,ทัพพี
ผักบุ้งไทย ต้นแดง ดิบ,vegetable,14.88,0.99,2.49,0.1,2.15,ถ้วยตวง
ผักปรีเดอม ดิบ,vegetable,112,2.42,23.33,1,0,ถ้วยตวง
ผักปลัง ดิบ,vegetable,20.86,1.81,3.09,0.14,3.13,ถ้วยตวง
ผักปวยเล้ง แช่แข็ง,vegetable,16.18,1.28,2.46,0.14,1.09,ทัพพี
ผักปวยเล้ง ดิบ,vegetable,8.1,0.85,0.71,0.21,0.86,ทัพพี
ผักปูเล่ ดิบ,vegetable,24.86,1.92,3.77,0.24,3.44,ถ้วยตวง
ผักเป็ดน้ำ ดิบ,vegetable,15.11,0.59,2.98,0.09,0,ถ้วยตวง
ผักโป้งเป้ง ดิบ,vegetable,12.45,0.67,2.28,0.07,0,ถ้วยตวง
ผักผ่อง / ผักขี้หูด ดิบ,vegetable,7.72,1.79,0,0.06,0,ถ้วยตวง
ผักพังคี ดิบ,vegetable,64.33,1.63,13.35,0.49,0,ถ้วยตวง
ผักแพงพวย / แพงพวยน้ำ ดิบ,vegetable,28.7,2.57,3.9,0.31,0,ถ้วยตวง
ผักแพว / ผักไผ่ ดิบ,vegetable,48.75,2.95,8.4,0.37,7.62,ถ้วยตวง
ผักมันปู / มะเนียงน้ำ ใบ ดิบ,vegetable,55,1.96,11.56,0.1,8.15,ถ้วยตวง
ผักมันหมู / ผักเหลียง (เหล่คองดุ) ต้ม (กะเหรี่ยงเมืองกาญฯ),vegetable,48.83,0.12,10.4,0.75,8.9,ถ้วยตวง
ผักเม็ก ดิบ,vegetable,13.37,0.54,2.68,0.05,1.96,ถ้วยตวง
ผักลำโบ้ ดิบ,vegetable,32.8,0.99,7.03,0.08,0,ถ้วยตวง
ผักว๊อกแวม ดิบ,vegetable,72.14,3.34,10.06,2.06,0,ถ้วยตวง
ผักแว่น / ผักลิ้นปี่ ดิบ,vegetable,10.99,0.75,1.83,0.07,2.8,ถ้วยตวง
ผักเสม็ด ยอดอ่อน ดิบ,vegetable,51.96,1.66,9.94,0.62,6.21,ถ้วยตวง
ผักเสี้ยน ดอง,vegetable,6.38,0.42,0.75,0.19,0.75,ทัพพี
ผักเสี้ยน ดิบ,vegetable,5.13,0.42,0.73,0.06,0,ถ้วยตวง
ผักเสี้ยว / ชงโค (จ.เชียงใหม่),vegetable,18.12,1.89,2.1,0.24,0,ถ้วยตวง
ผักแส้ว ยอดอ่อน ดิบ,vegetable,15.63,1.38,1.92,0.27,0,ถ้วยตวง
ผักหนาม ดิบ,vegetable,10.56,1.22,1.16,0.12,1.16,ถ้วยตวง
ผักหมาน้อย / เครือหมาน้อย / กรุงเขมา ดิบ,vegetable,4.61,0.17,0.89,0.04,0.85,ถ้วยตวง
ผักหวานบ้าน ดิบ,vegetable,31.3,3,4.15,0.3,2.6,ถ้วยตวง
ผักหวานป่า ดิบ,vegetable,24.57,1.34,4.06,0.33,0,ถ้วยตวง
ผักหางหมาม้อ ดิบ,vegetable,95.32,3.43,17.88,1.12,0,ถ้วยตวง
ผักเหลียง / ผักเหมียง ใบอ่อน ดิบ,vegetable,34.83,2.62,5.28,0.36,3.14,ถ้วยตวง
ผักโหบเหบ ดิบ,vegetable,4.1,0.21,0.75,0.03,0,ถ้วยตวง
ผักออบแอบ / ส้มอ๊อบแอ๊บ ใบ ดิบ,vegetable,72.24,2.7,13.15,0.98,7.84,ถ้วยตวง
ผักอีหล่ำ / มะกล่ำตาช้าง ดิบ,vegetable,32.33,2.45,4.97,0.29,2.75,ถ้วยตวง
ผักฮาก / ผักรด (งองชูน่าดุ) ต้ม (กะเหรี่ยงเมืองกาญฯ),vegetable,51.3,3.7,8,0.5,7.5,ถ้วยตวง
ผักฮิ้นน้ำ / ผักอีฮีน ดิบ,vegetable,8.4,0.4,1.52,0.08,1.24,ถ้วยตวง
ผิวมะกรูด,vegetable,6.38,0.17,1.28,0.07,0.41,ช้อนโต๊ะ
พริกขี้หนู ป่น,vegetable,375.83,14.28,52.8,11.94,46.11,ถ้วยตวง
พริกขี้หนู สด,vegetable,22.7,0.99,3.58,0.49,2.91,ทัพพี
พริกขี้หนู แห้ง,vegetable,50.21,1.84,7.07,1.62,1.38,ทัพพี
พริกขี้หนู แห้ง แช่น้ำ,vegetable,114.32,4.19,16.09,3.69,0,ถ้วยตวง
พริกขี้หนู แห้ง แช่น้ำ แกะเมล็ด,vegetable,77.48,2.84,10.9,2.5,0,ถ้วยตวง
พริกชี้ฟ้า ไม่ระบุสี สด,vegetable,44.93,1.8,7.5,0.85,5.22,ถ้วยตวง
พริกชี้ฟ้า สีเขียว สด,vegetable,52.38,1.97,9.21,0.85,1.71,ถ้วยตวง
พริกชี้ฟ้า สีแดง สด,vegetable,71.08,2.82,10.03,2.18,2,ถ้วยตวง
พริกชี้ฟ้า แห้ง,vegetable,77.2,3.06,12.27,1.77,2.07,ถ้วยตวง
พริกชี้ฟ้า แห้ง แกะเมล็ด,vegetable,76,3.23,11.6,1.85,0,ถ้วยตวง
พริกชี้ฟ้า แห้ง คั่ว,vegetable,105.56,4.49,16.12,2.57,0,ถ้วยตวง
พริกชี้ฟ้า แห้ง แช่น้ำ,vegetable,40.16,1.59,6.38,0.92,1.08,ทัพพี
พริกชี้ฟ้า แห้ง แช่น้ำ แกะเมล็ด,vegetable,73.89,3.14,11.28,1.8,0,ถ้วยตวง
พริกชี้ฟ้า แห้ง ย่าง,vegetable,90.44,3.84,13.81,2.2,0,ถ้วยตวง
พริกไทย ขาว ป่น,vegetable,438.88,13.17,79.58,7.54,30.28,ถ้วยตวง
พริกไทย ดำ,vegetable,509.74,17.36,87.08,10.22,35.98,ถ้วยตวง
พริกไทย อ่อน,vegetable,29.36,1.26,4.75,0.59,2.11,ทัพพี
พริก ใบและยอด ดิบ,vegetable,29.8,2.9,3.2,0.6,0.65,ถ้วยตวง
พริก ใบและยอด ต้ม,vegetable,30.62,1.06,6.19,0.18,0.29,ถ้วยตวง
พริกลาบ (ภาคเหนือ),vegetable,230.63,4,37.31,7.27,0,ถ้วยตวง
พริกหนุ่ม เผา,vegetable,14.45,0.6,2.69,0.14,1.69,ทัพพี
พริกหนุ่ม สด,vegetable,7.4,0.33,1.37,0.07,0.93,ทัพพี
พริกหยวก สด,vegetable,29.13,1.31,5.57,0.18,3.03,ถ้วยตวง
พริกหวาน / พริกยักษ์ สีเขียว สด,vegetable,23.34,0.88,4.27,0.3,2.08,ถ้วยตวง
พริกหวาน / พริกยักษ์ สีแดง สด,vegetable,38.34,1.4,7,0.53,1.21,ถ้วยตวง
พริกหวาน / พริกยักษ์ สีเหลือง สด,vegetable,35.36,1.29,6.46,0.48,1.43,ถ้วยตวง
พริกเหลือง สด,vegetable,107.05,3.85,18.86,1.8,3.22,ถ้วยตวง
พริกแห้ง ไม่ระบุชนิด ป่น,vegetable,408.04,12.3,49.1,18.05,44.92,ถ้วยตวง
พุเผดุ (หน่ออ่อนคล้าย หน่อของต้นข่า) ต้ม (กะเหรี่ยงเมืองกาญฯ),vegetable,25.7,2.3,2.1,0.9,2.1,ถ้วยตวง
พูดุ (หน่อคล้ายใบข่า) ต้ม (กะเหรี่ยงเมืองกาญฯ),vegetable,39.5,3,5.3,0.7,5.3,ถ้วยตวง
ฟักทองฉาบ,vegetable,281.35,2.7,28.96,17.19,3.82,ถ้วยตวง
ฟักทองเชื่อม,vegetable,114.56,0.69,27.55,0.18,1.2,ทัพพี
ฟักทอง ดอก ดิบ,vegetable,18.79,1.31,2.93,0.2,0,ถ้วยตวง
ฟักทอง ดอก ต้ม,vegetable,18.46,1.1,3.33,0.08,0.91,ถ้วยตวง
ฟักทองนึ่งโรยมะพร้าว,vegetable,161.4,1.46,35.6,1.46,2.72,ถ้วยตวง
ฟักทอง เนื้อ ปอกเปลือก ดิบ,vegetable,31.97,0.66,6.93,0.17,1.16,ทัพพี
ฟักทอง เนื้อ ปอกเปลือก ต้ม,vegetable,73.25,1.13,16.34,0.37,2.02,ถ้วยตวง
ฟักทอง เนื้อ ไม่ปอกเปลือก ดิบ,vegetable,34.22,0.96,6.8,0.35,1.46,ทัพพี
ฟักทอง เนื้อ ไม่ปอกเปลือก ต้ม,vegetable,65.97,1.38,14.02,0.48,2.52,ถ้วยตวง
ฟักทอง พันธุ์ศรีเมือง ดิบ,vegetable,31.9,0.86,6.8,0.14,0.5,ทัพพี
ฟักทอง เมล็ด แกะเปลือก คั่ว,vegetable,628.08,26.63,15.6,51.02,5.44,ถ้วยตวง
ฟักทอง เมล็ด แกะเปลือก ดิบ,vegetable,413.33,17.52,9.8,33.78,6.99,ถ้วยตวง
ฟักทอง เมล็ด แกะเปลือก ต้มใส่เกลือ อบ,vegetable,588.82,23.84,16.5,47.5,6.12,ถ้วยตวง
ฟักทอง เมล็ด อบเกลือ,vegetable,620.88,34.74,14.25,47.22,9.72,ถ้วยตวง
ฟักทอง ยอดอ่อน ดิบ,vegetable,22.34,2.65,2.35,0.26,3.12,ถ้วยตวง
มะกอกไทย,vegetable,93.51,0.48,22.85,0.02,0,ถ้วยตวง
มะกอกน้ำ,vegetable,66.17,0.69,15.39,0.21,0,ถ้วยตวง
มะกอกน้ำ ดอง,vegetable,25.97,0.27,5.91,0.14,0,ถ้วยตวง
มะกอกป่า ยอดอ่อน ดิบ,vegetable,21.36,0.75,4.32,0.12,2.16,ถ้วยตวง
มะกอก ยอดอ่อน ดิบ,vegetable,26.27,0.92,4.98,0.3,3.79,ถ้วยตวง
มะเกี๋ยง ผล,vegetable,49.95,0.9,10.98,0.27,7.47,ถ้วยตวง
มะเขือขื่น ดิบ,vegetable,60.98,2.65,6.93,2.52,0,ถ้วยตวง
มะเขือเทศ,vegetable,40.38,1.64,7.18,0.57,1.74,ถ้วยตวง
มะเขือเทศ เพสท์,vegetable,208.39,7.73,42.32,0.91,0,ถ้วยตวง
มะเขือเทศราชินี,vegetable,42.48,1.64,7.87,0.49,2.13,ถ้วยตวง
มะเขือเทศสีดา,vegetable,41.67,1.62,7.66,0.51,2.85,ถ้วยตวง
มะเขือเปราะ ดอง,vegetable,31.75,1.27,6.19,0.21,0,ถ้วยตวง
มะเขือเปราะ ดิบ,vegetable,44.21,1.86,8.75,0.2,3.42,ถ้วยตวง
มะเขือพวง ดิบ,vegetable,98.49,3.72,18.62,1.01,18.26,ถ้วยตวง
มะเขือม่วง ดิบ,vegetable,21.75,0.81,4.37,0.12,0,ทัพพี
มะเขือยาวชุบไข่ทอด,vegetable,458.98,8.38,11.82,42.02,3.53,ถ้วยตวง
มะเขือยาว ดิบ,vegetable,15.84,0.58,3.31,0.03,1.54,ทัพพี
มะเขือเสวย ดิบ,vegetable,49.57,1.93,9.04,0.63,5.76,ถ้วยตวง
มะแขว่น,vegetable,509.74,17.36,87.08,10.22,35.98,ถ้วยตวง
มะดัน,vegetable,38.04,0.36,8.88,0.12,1.22,ถ้วยตวง
มะดัน ดอง,vegetable,24.72,0.6,5.04,0.24,0,ถ้วยตวง
มะเดื่อดิน (กะเหรี่ยงเมืองกาญฯ),vegetable,51.1,0.8,11.3,0.3,7.3,ถ้วยตวง
มะเดื่อไทย,vegetable,53.9,1.5,11.3,0.3,2.2,ถ้วยตวง
มะตะบะแกงเนื้อ,vegetable,292.08,7.08,28.85,16.48,2.02,ชิ้น (กลาง)
มะตะบะไส้ไก่ (ฮาลาล),vegetable,86.04,3.26,9.82,3.75,0,ทัพพี
มะตะบะไส้เนื้อ (ฮาลาล),vegetable,99.6,3.69,10.19,4.9,0,ทัพพี
มะตะบะไส้ผลไม้รวม (ฮาลาล),vegetable,103.88,2.26,17.69,2.68,0,ทัพพี
มะตูม,vegetable,128.2,3.1,28.5,0.2,7.9,ถ้วยตวง
มะตูม ใบและยอด ดิบ,vegetable,54.25,2.7,10.3,0.25,6.45,ถ้วยตวง
มะนาว ดอง,vegetable,5.99,0.07,1.4,0.01,0,ชิ้น (เล็ก)
มะปราง,vegetable,68.63,0.53,16.62,0,0,ถ้วยตวง
มะระขี้นก ดิบ,vegetable,19.44,1.36,2.49,0.45,2.49,ถ้วยตวง
มะระขี้นก ยอดอ่อน ดิบ,vegetable,36.88,4.45,3.84,0.41,4,ถ้วยตวง
มะระจีน ดิบ,vegetable,27.46,1.12,5.37,0.17,3.66,ถ้วยตวง
มะระ ยอดอ่อน ดิบ,vegetable,31.64,2.32,5.32,0.12,1.6,ถ้วยตวง
มะระหวาน / ฟักแม้ว / มะเขือเครือ ใบและยอด ดิบ,vegetable,33.03,4.04,3.54,0.3,0.81,ถ้วยตวง
มะระหวาน / ฟักแม้ว / มะเขือเครือ ผล ดิบ,vegetable,34.86,1.27,6.99,0.2,2.63,ถ้วยตวง
เยื่อไผ่ แห้ง / เห็ดร่างแห,vegetable,42.16,1.51,8.72,0.13,3.38,ทัพพี
ลูกจันทน์เทศ ดอง,vegetable,113.63,2.41,24.79,0.54,0,ถ้วยตวง
ลูกจันทน์เทศ เนื้อ แช่อิ่ม,vegetable,151.06,0.8,36.45,0.23,3.62,ถ้วยตวง
ลูกฟักทองอ่อน ดิบ,vegetable,36.9,0.9,7.92,0.18,2.7,ถ้วยตวง
สลัด (ผัก + ครีม),vegetable,98.78,1.34,9.74,6.05,0,ถ้วยตวง
สะเดา ดอก ดิบ,vegetable,88.44,4.64,10.48,3.11,8.34,ถ้วยตวง
สะเดา ใบและยอด ดิบ,vegetable,25.8,1.7,4.38,0.17,4.35,ถ้วยตวง
สะนี่วาดุ (คล้ายผักมันหมู) ต้ม (กะเหรี่ยงเมืองกาญฯ),vegetable,40.6,0.1,8.7,0.6,6.9,ถ้วยตวง
ส้ามะเขือ,vegetable,142.71,8.32,16.3,4.91,1.88,ถ้วยตวง
ส้ามะเขือ เค็มน้อย,vegetable,87.45,4.73,11.15,2.66,2.33,ถ้วยตวง
ส้ามะเขือ เค็มมาก,vegetable,125.21,8.87,12.19,4.55,1.43,ถ้วยตวง
สายบัว ดิบ,vegetable,18.57,0.51,3.75,0.17,2.63,ถ้วยตวง
สารให้ความหวาน แอสพาแทม อีคอวล์,vegetable,364.85,2.17,89.04,0,0,ถ้วยตวง
สาหร่ายเกลียวทอง ดิบ,vegetable,44.76,7.54,1.76,0.84,4.1,ถ้วยตวง
สาหร่ายเกลียวทอง แห้ง,vegetable,379.27,63.39,17.17,6.33,10.35,ถ้วยตวง
สาหร่ายทะเล แห้ง,vegetable,170.61,11.32,30.86,0.21,17.08,ทัพพี
สาหร่ายแผ่นทอด รสเผ็ด,vegetable,12.39,0.26,0.26,1.14,0.26,ชิ้น (เล็ก)
สาหร่ายแผ่นสำหรับห่อซูชิ,vegetable,0.14,0.02,0.02,0,0,ชิ้น (เล็ก)
สาหร่ายยำ,vegetable,177.42,1.45,23.27,8.73,16,ถ้วยตวง
สาหร่ายวากาเมะ ในซุปมิโซะ ดิบ,vegetable,6.8,0.38,1.14,0.08,0.06,ถ้วยตวง
หอมญี่ปุ่น ต้น ดิบ,vegetable,4.97,0.37,0.87,0,0.44,ทัพพี
หอม ดอก ดิบ,vegetable,15.42,0.9,2.82,0.06,0,ถ้วยตวง
หอม ทั้งต้น / ต้นหอม ดอง,vegetable,33.9,1.3,5.77,0.63,0,ถ้วยตวง
หอม ทั้งต้น / ต้นหอม ดิบ,vegetable,6.79,0.46,1.08,0.07,0.78,ทัพพี
หอมหัวเล็ก / หอมแดง คั่ว,vegetable,103.43,3.3,22.22,0.15,3.6,ถ้วยตวง
หอมหัวเล็ก / หอมแดง ดอง,vegetable,50.55,1.37,10.96,0.14,0,ถ้วยตวง
หอมหัวเล็ก / หอมแดง ดิบ,vegetable,81.99,2.62,17.61,0.12,2.86,ถ้วยตวง
หอมหัวเล็ก / หอมแดง เผา,vegetable,125.46,4.01,26.95,0.18,4.37,ถ้วยตวง
หอมหัวใหญ่ ดิบ,vegetable,34.39,1.67,6.66,0.12,1.78,ถ้วยตวง
หัวผักกาด / หัวไชเท้า ดอง,vegetable,13.68,0.46,2.62,0.15,1.83,ทัพพี
หัวผักกาด / หัวไชเท้า ดอง หวาน,vegetable,20.9,0.49,4.56,0.08,0,ทัพพี
หัวผักกาด / หัวไชเท้า ดิบ,vegetable,36.38,1.29,7.22,0.26,3.23,ถ้วยตวง
หัวผักกาด / หัวไชเท้า ต้ม,vegetable,28.7,0.28,6.58,0.14,2.52,ถ้วยตวง
หัวผักกาด แห้ง เค็ม / หัวไชโป๊ว,vegetable,32.34,0.8,6.69,0.27,4.62,ทัพพี
หัวผักกาด แห้ง หวาน / หัวไชโป๊ว,vegetable,49.67,0.34,11.82,0.11,0,ทัพพี
เห็ดกระดุม / แชมปิญอง ดิบ,vegetable,8.55,1.2,0.82,0.05,0,ทัพพี
เห็ดกระดุม / แชมปิญอง ในน้ำเกลือ บรรจุกระป๋อง ไม่รวมน้ำ,vegetable,19.35,1.88,2.33,0.28,1.62,ทัพพี
เห็ดขอนขาว ดิบ,vegetable,44.41,3.27,7.02,0.36,0,ถ้วยตวง
เห็ดเข็มทอง ดิบ,vegetable,74.84,4.99,11.64,0.92,1.66,ถ้วยตวง
เห็ดเข็มทอง ต้ม,vegetable,60.14,4.31,9.69,0.46,1.69,ถ้วยตวง
เห็ดโคนญี่ปุ่น ดิบ,vegetable,74.34,6.72,9.66,0.98,7.15,ถ้วยตวง
เห็ดโคนญี่ปุ่น ต้ม,vegetable,49.22,6.17,4.75,0.62,4.66,ถ้วยตวง
เห็ดโคน ดิบ,vegetable,69.46,6.21,9.62,0.68,2.29,ถ้วยตวง
เห็ดไคขาว ดิบ,vegetable,58.2,5.08,8.11,0.6,7.02,ถ้วยตวง
เห็ดชาง ดิบ,vegetable,197,2.4,46.4,0.2,0,ถ้วยตวง
เห็ดตะไคล ดิบ,vegetable,49.28,4.31,6.84,0.52,0,ถ้วยตวง
เห็ดตับเต่า ดิบ,vegetable,8.05,0.73,1.25,0.01,0,ทัพพี
เห็ดตีนแฮด / เห็ดตับเต่าขาว / เห็ดจั่น ดิบ,vegetable,11.69,0.67,1.94,0.14,0.41,ทัพพี
เห็ดนางนวล ดิบ,vegetable,20.45,3.51,1.33,0.12,0,ถ้วยตวง
เห็ดนางฟ้า ดิบ,vegetable,34.76,1.82,6.68,0.08,3.18,ถ้วยตวง
เห็ดนางฟ้า ต้ม,vegetable,35.47,2.68,5,0.52,5.59,ถ้วยตวง
เห็ดนางรม ดิบ,vegetable,44.06,2.56,7.68,0.34,0,ถ้วยตวง
เห็ดนางรมหลวง / เห็ดออรินจิ ดิบ,vegetable,35.88,3.1,4.92,0.42,3.52,ถ้วยตวง
เห็ดนางรมหลวง / เห็ดออรินจิ ต้ม,vegetable,58.03,3.65,9.79,0.47,6.41,ถ้วยตวง
เห็ดนางรมฮังการี ดิบ,vegetable,47.8,3.99,7.14,0.36,4.11,ถ้วยตวง
เห็ดปลวกจิก / เห็ดข้าวตอก ดิบ,vegetable,45.92,4.48,5.74,0.56,1.12,ถ้วยตวง
เห็ดปลวกตาบ ดิบ,vegetable,49.73,5.32,6.29,0.36,2.06,ถ้วยตวง
เห็ดเป๋าฮื้อ ดิบ,vegetable,53.91,2.78,8.67,0.9,5.35,ถ้วยตวง
เห็ดเป๋าฮื้อ ต้ม,vegetable,47.52,3.12,7.91,0.38,6.7,ถ้วยตวง
เห็ดเผาะ ดิบ,vegetable,91.66,2.55,17.97,1.07,18.38,ถ้วยตวง
เห็ดเผาะ ต้ม,vegetable,130.83,3.62,25.23,1.71,28.04,ถ้วยตวง
เห็ดฟาง ในน้ำเกลือ บรรจุกระป๋อง ไม่รวมน้ำ,vegetable,44.82,3.93,7.28,0,3.94,ถ้วยตวง
เห็ดฟาง / เห็ดบัว ดิบ,vegetable,42.56,4.31,5.61,0.32,2.79,ถ้วยตวง
เห็ดภูฐาน / เห็ดนางฟ้าภูฐาน / เห็ดนางรมภูฐาน ดิบ,vegetable,35.57,3.51,4.84,0.24,2.9,ถ้วยตวง
เห็ดระโงกขาว / เห็ดไข่ห่านขาว ดิบ,vegetable,36.96,3.08,4.9,0.56,1.96,ถ้วยตวง
เห็ดระโงกเหลือง / เห็ดไข่ห่านเหลือง ดิบ,vegetable,34.86,2.94,4.2,0.7,1.68,ถ้วยตวง
เห็ดลม / เห็ดกระด้าง ดิบ,vegetable,155.99,2.58,36.25,0.07,0,ถ้วยตวง
เห็ดหลินขาว ดิบ,vegetable,44.41,3.27,7.02,0.36,0,ถ้วยตวง
เห็ดหอม ดิบ,vegetable,8.39,0.66,1.36,0.03,0.58,ทัพพี
เห็ดหอม แห้ง,vegetable,18.75,1,3.68,0.01,0.63,ชิ้น (กลาง)
เห็ดหอม แห้ง แช่น้ำ,vegetable,63.36,3.39,12.41,0.02,2.14,ทัพพี
เห็ดหูหนูขาว แช่น้ำ ลวก,vegetable,7.64,0.2,1.66,0.02,1.57,ทัพพี
เห็ดหูหนูขาว ดิบ,vegetable,9.18,0.23,2.07,0,1.51,ทัพพี
เห็ดหูหนู ดิบ,vegetable,37.85,0.74,8.53,0.08,4.89,ถ้วยตวง
เห็ดหูหนูสีน้ำตาล แห้ง,vegetable,405.37,8.96,91.02,0.6,57.16,ถ้วยตวง
เห็ดหูหนู แห้ง แช่น้ำ (จากแห้ง 14 กรัม),vegetable,56.76,1.18,12.74,0.12,8.02,ถ้วยตวง
อาหารเสริมสำหรับเด็ก สูตรผักรวม ฟักทอง (ตรา ซีรีแลค),vegetable,83.33,3.25,13.8,1.68,0,ทัพพี
เอื้องน้ำ / ผักไผ่น้ำ,vegetable,30.1,0.8,6.5,0.1,3.8,ถ้วยตวง