name,category,calories,protein,carbs,fat,fiber,standardUnit

อาหารเสริมสำหรับเด็ก สูตรผักรวม ฟักทอง (ตรา ซีรีแลค),vegetable,83.33,3.25,13.8,1.68,0,ทัพพี
ถั่วฝักยาว เมล็ดแห้ง ดิบ,vegetable,171.95,13.64,27.45,0.84,0,ทัพพี
ฟักทอง เมล็ด แกะเปลือก คั่ว,vegetable,628.08,26.63,15.6,51.02,5.44,ถ้วยตวง
ฟักทอง เมล็ด แกะเปลือก ต้มใส่เกลือ อบ,vegetable,588.82,23.84,16.5,47.5,6.12,ถ้วยตวง
ฟักทอง เมล็ด แกะเปลือก ดิบ,vegetable,413.33,17.52,9.8,33.78,6.99,ถ้วยตวง
ฟักทอง เมล็ด อบเกลือ,vegetable,620.88,34.74,14.25,47.22,9.72,ถ้วยตวง
กะหล่ำดอก ดิบ,vegetable,33.89,2.62,5.32,0.24,2.07,ถ้วยตวง
กะหล่ำดอก ต้ม,vegetable,29.52,1.95,4.36,0.48,2.44,ถ้วยตวง
กะหล่ำปม ดิบ,vegetable,49.42,2.8,9.24,0.14,5.46,ถ้วยตวง
กะหล่ำปม ต้ม,vegetable,40.46,2.38,7.42,0.14,1.26,ถ้วยตวง
กะหล่ำปลี ดิบ,vegetable,21.7,1.18,3.94,0.14,1.31,ถ้วยตวง
ขิง อ่อน ดิบ,vegetable,15.5,0.63,2.39,0.38,0.76,ถ้วยตวง
ฟักทอง ดอก ดิบ,vegetable,18.79,1.31,2.93,0.2,0,ถ้วยตวง
แตงกวา ดิบ,vegetable,28.04,1.03,5.69,0.13,1.29,ถ้วยตวง
แตงกวา ดอง เปรี้ยว,vegetable,15.93,0.43,2.96,0.26,1.57,ถ้วยตวง
ถั่วงอก ดิบ,vegetable,11.79,1.15,1.72,0.03,0.66,ทัพพี
ถั่วงอก ต้ม,vegetable,14.04,0.75,2.69,0.03,0.44,ทัพพี
ถั่วงอกหัวโต (ถั่วเหลือง) ดิบ,vegetable,27.13,3.09,1.09,1.16,0.2,ทัพพี
ถั่วงอกหัวโต (ถั่วเหลือง) สุก,vegetable,15.06,1.63,1.6,0.24,0.14,ทัพพี
ถั่วฝักยาว ดิบ,vegetable,13.93,0.94,2.31,0.1,1.39,ทัพพี
ถั่วฝักยาว ต้ม,vegetable,43.55,2.81,7.86,0.1,3.49,ถ้วยตวง
บวบงู ดิบ,vegetable,16.53,1.03,2.85,0.11,0,ถ้วยตวง
บวบหอม / บวบกลม ดิบ,vegetable,40.41,1.61,8.01,0.21,2.32,ถ้วยตวง
บวบเหลี่ยม / บวบหวาน ดิบ,vegetable,36.7,1.28,7.64,0.11,1.86,ถ้วยตวง
ผักกระสัง ดิบ,vegetable,11.63,0.68,1.71,0.23,0,ถ้วยตวง
ผักกระเฉด ดิบ,vegetable,35.92,3.26,5.02,0.31,3.71,ถ้วยตวง
ผักกระโดน ดิบ,vegetable,15.32,0.65,3,0.08,1.67,ถ้วยตวง
ผักกวางตุ้ง / กะจ้อน / กาดจอ ดิบ,vegetable,8.31,0.64,1.29,0.06,0.84,ทัพพี
ผักกวางตุ้ง ดอก ดิบ,vegetable,15.14,1.86,1.28,0.29,0,ถ้วยตวง
ผักกาด ดอง,vegetable,12.38,0.86,2.24,0,0.86,ถ้วยตวง
ผักกาดขาว ดิบ,vegetable,16.88,2.11,1.83,0.13,2.6,ถ้วยตวง
ผักกาดหอม / หอมปลี / ผักสลัด ดิบ,vegetable,5.06,0.45,0.72,0.04,0.45,ถ้วยตวง
ผักกาดเขียว ดิบ,vegetable,28.54,3.08,2.95,0.49,2.95,ถ้วยตวง
ผักกาดเขียว ต้ม,vegetable,25.86,2.18,3.71,0.26,2.43,ถ้วยตวง
ผักกุ่ม ดอง,vegetable,14.88,0.57,2.65,0.22,0,ทัพพี
ผักกูด ดิบ,vegetable,7.68,0.68,0.88,0.16,0,ทัพพี
ผักคะน้า ดิบ,vegetable,22.63,2,3.08,0.26,2.39,ถ้วยตวง
ผักขึ้นฉ่าย / ชีจีน ดิบ,vegetable,22.28,1.32,3.9,0.16,2.24,ถ้วยตวง
ผักชี ดิบ,vegetable,7.23,0.47,1.21,0.06,0.6,ถ้วยตวง
ผักชีฝรั่ง / หอมเป ดิบ,vegetable,12.74,0.78,2.17,0.11,1.25,ถ้วยตวง
ผักชีลาว / ชีฝอย ดิบ,vegetable,17.31,1.55,2.21,0.25,1.9,ถ้วยตวง
ผักชีล้อม / ผักอ้นอ้อ ดิบ,vegetable,18.56,0.84,3.46,0.15,1.71,ถ้วยตวง
ผักตำลึง ดิบ,vegetable,33.15,3.72,4.13,0.2,2.73,ถ้วยตวง
ผักติ้ว ดิบ,vegetable,24.49,0.68,4.54,0.4,0,ถ้วยตวง
ผักบุ้งจีน ดิบ,vegetable,7.16,0.84,0.74,0.09,0.74,ทัพพี
ผักบุ้งไทย ต้นขาว ดิบ,vegetable,10.06,0.69,1.51,0.14,1.33,ทัพพี
ผักบุ้งไทย ต้นแดง ดิบ,vegetable,14.88,0.99,2.49,0.1,2.15,ถ้วยตวง
สะเดา ใบและยอด ดิบ,vegetable,25.8,1.7,4.38,0.17,4.35,ถ้วยตวง
ผักหนาม ดิบ,vegetable,10.56,1.22,1.16,0.12,1.16,ถ้วยตวง
ผักหวานบ้าน ดิบ,vegetable,31.3,3,4.15,0.3,2.6,ถ้วยตวง
ผักฮิ้นน้ำ / ผักอีฮีน ดิบ,vegetable,8.4,0.4,1.52,0.08,1.24,ถ้วยตวง
ผักเม็ก ดิบ,vegetable,13.37,0.54,2.68,0.05,1.96,ถ้วยตวง
ผักแขยง ดิบ,vegetable,18.09,0.84,3.3,0.17,2.46,ถ้วยตวง
ผักแพว / ผักไผ่ ดิบ,vegetable,48.75,2.95,8.4,0.37,7.62,ถ้วยตวง
ผักแว่น / ผักลิ้นปี่ ดิบ,vegetable,10.99,0.75,1.83,0.07,2.8,ถ้วยตวง
ผักโขมน้อย ดิบ,vegetable,25.15,2.64,2.79,0.38,2.76,ถ้วยตวง
ฟักทอง เนื้อ ปอกเปลือก ดิบ,vegetable,31.97,0.66,6.93,0.17,1.16,ทัพพี
มะระขี้นก ดิบ,vegetable,19.44,1.36,2.49,0.45,2.49,ถ้วยตวง
มะระจีน ดิบ,vegetable,27.46,1.12,5.37,0.17,3.66,ถ้วยตวง
มะระ ยอดอ่อน ดิบ,vegetable,31.64,2.32,5.32,0.12,1.6,ถ้วยตวง
มะเขือพวง ดิบ,vegetable,98.49,3.72,18.62,1.01,18.26,ถ้วยตวง
มะเขือม่วง ดิบ,vegetable,21.75,0.81,4.37,0.12,0,ทัพพี
มะเขือยาว ดิบ,vegetable,15.84,0.58,3.31,0.03,1.54,ทัพพี
มะเขือขื่น ดิบ,vegetable,60.98,2.65,6.93,2.52,0,ถ้วยตวง
มะเขือเทศ,vegetable,40.38,1.64,7.18,0.57,1.74,ถ้วยตวง
มะเขือเทศสีดา,vegetable,41.67,1.62,7.66,0.51,2.85,ถ้วยตวง
มะเขือเปราะ ดิบ,vegetable,44.21,1.86,8.75,0.2,3.42,ถ้วยตวง
ฟักทอง ยอดอ่อน ดิบ,vegetable,22.34,2.65,2.35,0.26,3.12,ถ้วยตวง
หัวผักกาด / หัวไชเท้า ดิบ,vegetable,36.38,1.29,7.22,0.26,3.23,ถ้วยตวง
หัวผักกาด / หัวไชเท้า ดอง,vegetable,13.68,0.46,2.62,0.15,1.83,ทัพพี
หัวผักกาด / หัวไชเท้า ต้ม,vegetable,28.7,0.28,6.58,0.14,2.52,ถ้วยตวง
หัวผักกาด แห้ง เค็ม / หัวไชโป๊ว,vegetable,32.34,0.8,6.69,0.27,4.62,ทัพพี
เห็ดลม / เห็ดกระด้าง ดิบ,vegetable,155.99,2.58,36.25,0.07,0,ถ้วยตวง
เห็ดฟาง / เห็ดบัว ดิบ,vegetable,42.56,4.31,5.61,0.32,2.79,ถ้วยตวง
เห็ดหูหนู ดิบ,vegetable,37.85,0.74,8.53,0.08,4.89,ถ้วยตวง
เห็ดโคน ดิบ,vegetable,69.46,6.21,9.62,0.68,2.29,ถ้วยตวง
บวบหอม / บวบกลม ยอดอ่อน ดิบ,vegetable,24.3,2.58,2.93,0.25,0,ถ้วยตวง
แตงกวา ดอง หวาน,vegetable,118.7,0.76,27.71,0.54,1.31,ถ้วยตวง
เห็ดหูหนูสีน้ำตาล แห้ง,vegetable,405.37,8.96,91.02,0.6,57.16,ถ้วยตวง
แครอท ดิบ,vegetable,16.01,0.69,3.09,0.1,1.45,ทัพพี
บร็อคโคลี่ ดิบ,vegetable,30.95,2.41,5.13,0.09,2.09,ถ้วยตวง
แตงกวา ดอง เค็ม,vegetable,17.03,1.57,2.1,0.26,0.66,ถ้วยตวง
ผักเสี้ยน ดิบ,vegetable,5.13,0.42,0.73,0.06,0,ถ้วยตวง
ผักโขมใหญ่ ดิบ,vegetable,20.34,2.24,2.35,0.22,0,ถ้วยตวง
เห็ดกระดุม / แชมปิญอง ในน้ำเกลือ บรรจุกระป๋อง ไม่รวมน้ำ,vegetable,19.35,1.88,2.33,0.28,1.62,ทัพพี
เห็ดนางฟ้า ดิบ,vegetable,34.76,1.82,6.68,0.08,3.18,ถ้วยตวง
เห็ดเป๋าฮื้อ ดิบ,vegetable,53.91,2.78,8.67,0.9,5.35,ถ้วยตวง
เห็ดเผาะ ดิบ,vegetable,91.66,2.55,17.97,1.07,18.38,ถ้วยตวง
เห็ดหอม ดิบ,vegetable,8.39,0.66,1.36,0.03,0.58,ทัพพี
เห็ดหอม แห้ง,vegetable,18.75,1,3.68,0.01,0.63,ชิ้น (กลาง)
แขนงกะหล่ำ ดิบ,vegetable,31.01,2.69,4.69,0.17,3.11,ถ้วยตวง
ขิง ดอง เปรี้ยว,vegetable,41.45,0.63,9.45,0.13,1.26,ถ้วยตวง
ผักกวางตุ้ง ไต้หวัน ดิบ,vegetable,6.42,0.47,0.89,0.11,0.32,ทัพพี
ผักกาดขาวใบเขียว ดิบ,vegetable,16.64,1.6,2.01,0.25,1.97,ถ้วยตวง
ผักกาดขาวปลี ดิบ,vegetable,18.33,1.97,2.34,0.12,0,ถ้วยตวง
ผักปลัง ดิบ,vegetable,20.86,1.81,3.09,0.14,3.13,ถ้วยตวง
ผักปูเล่ ดิบ,vegetable,24.86,1.92,3.77,0.24,3.44,ถ้วยตวง
ผักเป็ดน้ำ ดิบ,vegetable,15.11,0.59,2.98,0.09,0,ถ้วยตวง
ผักโป้งเป้ง ดิบ,vegetable,12.45,0.67,2.28,0.07,0,ถ้วยตวง
ผักหมาน้อย / เครือหมาน้อย / กรุงเขมา ดิบ,vegetable,4.61,0.17,0.89,0.04,0.85,ถ้วยตวง
ผักโหบเหบ ดิบ,vegetable,4.1,0.21,0.75,0.03,0,ถ้วยตวง
มะเขือเสวย ดิบ,vegetable,49.57,1.93,9.04,0.63,5.76,ถ้วยตวง
เห็ดนางนวล ดิบ,vegetable,20.45,3.51,1.33,0.12,0,ถ้วยตวง
เห็ดตับเต่า ดิบ,vegetable,8.05,0.73,1.25,0.01,0,ทัพพี
เห็ดตีนแฮด / เห็ดตับเต่าขาว / เห็ดจั่น ดิบ,vegetable,11.69,0.67,1.94,0.14,0.41,ทัพพี
เห็ดนางรม ดิบ,vegetable,44.06,2.56,7.68,0.34,0,ถ้วยตวง
เห็ดฟาง ในน้ำเกลือ บรรจุกระป๋อง ไม่รวมน้ำ,vegetable,44.82,3.93,7.28,0,3.94,ถ้วยตวง
ผักปวยเล้ง ดิบ,vegetable,8.1,0.85,0.71,0.21,0.86,ทัพพี
ผักปวยเล้ง แช่แข็ง,vegetable,16.18,1.28,2.46,0.14,1.09,ทัพพี
ผักหวานป่า ดิบ,vegetable,24.57,1.34,4.06,0.33,0,ถ้วยตวง
ผักผ่อง / ผักขี้หูด ดิบ,vegetable,7.72,1.79,0,0.06,0,ถ้วยตวง
ผักแพงพวย / แพงพวยน้ำ ดิบ,vegetable,28.7,2.57,3.9,0.31,0,ถ้วยตวง
ผักอีหล่ำ / มะกล่ำตาช้าง ดิบ,vegetable,32.33,2.45,4.97,0.29,2.75,ถ้วยตวง
มะระหวาน / ฟักแม้ว / มะเขือเครือ ผล ดิบ,vegetable,34.86,1.27,6.99,0.2,2.63,ถ้วยตวง
มะระหวาน / ฟักแม้ว / มะเขือเครือ ใบและยอด ดิบ,vegetable,33.03,4.04,3.54,0.3,0.81,ถ้วยตวง
เห็ดหูหนู แห้ง แช่น้ำ (จากแห้ง 14 กรัม),vegetable,56.76,1.18,12.74,0.12,8.02,ถ้วยตวง
เห็ดหอม แห้ง แช่น้ำ,vegetable,63.36,3.39,12.41,0.02,2.14,ทัพพี
ผักกาดหอมม่วง ดิบ,vegetable,5.23,0.43,0.72,0.07,0.29,ถ้วยตวง
กะหล่ำปลีม่วง ดิบ,vegetable,29.68,1.16,5.97,0.13,1.7,ถ้วยตวง
ฟักทอง ดอก ต้ม,vegetable,18.46,1.1,3.33,0.08,0.91,ถ้วยตวง
เห็ดหูหนูขาว แช่น้ำ ลวก,vegetable,7.64,0.2,1.66,0.02,1.57,ทัพพี
ผักเสี้ยน ดอง,vegetable,6.38,0.42,0.75,0.19,0.75,ทัพพี
ผักเชียงดา ดิบ,vegetable,15.22,1.24,2.3,0.12,0,ถ้วยตวง
ผักกูด ดิบ (กะเหรี่ยงเมืองกาญฯ),vegetable,37.2,2.66,5.2,0.64,4.9,100 กรัม
ผักกูด ต้ม (กะเหรี่ยงเมืองกาญฯ),vegetable,32.7,2.9,3.7,0.7,3.7,100 กรัม
ผักมันหมู / ผักเหลียง (เหล่คองดุ) ต้ม (กะเหรี่ยงเมืองกาญฯ),vegetable,48.83,0.12,10.4,0.75,8.9,100 กรัม
สะนี่วาดุ (คล้ายผักมันหมู) ต้ม (กะเหรี่ยงเมืองกาญฯ),vegetable,40.6,0.1,8.7,0.6,6.9,100 กรัม
พุเผดุ (หน่ออ่อนคล้าย หน่อของต้นข่า) ต้ม (กะเหรี่ยงเมืองกาญฯ),vegetable,25.7,2.3,2.1,0.9,2.1,100 กรัม
บวบป่า ใบและยอด (ตะกู่ไมดุ) ต้ม (กะเหรี่ยงเมืองกาญฯ),vegetable,35.1,2.9,5.2,0.3,3.6,100 กรัม
พูดุ (หน่อคล้ายใบข่า) ต้ม (กะเหรี่ยงเมืองกาญฯ),vegetable,39.5,3,5.3,0.7,5.3,100 กรัม
ผักฮาก / ผักรด (งองชูน่าดุ) ต้ม (กะเหรี่ยงเมืองกาญฯ),vegetable,51.3,3.7,8,0.5,7.5,100 กรัม
มะเขือเทศราชินี,vegetable,42.48,1.64,7.87,0.49,2.13,ถ้วยตวง
เห็ดหลินขาว ดิบ,vegetable,44.41,3.27,7.02,0.36,0,ถ้วยตวง
ลูกฟักทองอ่อน ดิบ,vegetable,36.9,0.9,7.92,0.18,2.7,ถ้วยตวง
ผักชีไร่ / หอมแย่ / ผักสะแงะ ดิบ,vegetable,6.38,0.46,1,0.06,0.6,ถ้วยตวง
เห็ดขอนขาว ดิบ,vegetable,44.41,3.27,7.02,0.36,0,ถ้วยตวง
เบญจรงค์ / อ่อมแซบ / ตำลึงหวาน ใบ ดิบ,vegetable,5.91,0.5,0.91,0.03,0.71,ถ้วยตวง
ผักกาดแก้วชนิดกรอบ ดิบ,vegetable,7.33,0.46,1.16,0.09,0.23,ถ้วยตวง
ผักกาดแก้วชนิดแข็ง ดิบ,vegetable,7.33,0.7,0.93,0.09,0.19,ถ้วยตวง
เห็ดเข็มทอง ดิบ,vegetable,74.84,4.99,11.64,0.92,1.66,ถ้วยตวง
เห็ดเข็มทอง ต้ม,vegetable,60.14,4.31,9.69,0.46,1.69,ถ้วยตวง
เห็ดนางรมหลวง / เห็ดออรินจิ ดิบ,vegetable,35.88,3.1,4.92,0.42,3.52,ถ้วยตวง
เห็ดโคนญี่ปุ่น ดิบ,vegetable,74.34,6.72,9.66,0.98,7.15,ถ้วยตวง
ผักเหลียง / ผักเหมียง ใบอ่อน ดิบ,vegetable,34.83,2.62,5.28,0.36,3.14,ถ้วยตวง
บวบงู ต้ม,vegetable,18.49,0.94,3.45,0.1,0,ถ้วยตวง
ฟักทอง เนื้อ ปอกเปลือก ต้ม,vegetable,73.25,1.13,16.34,0.37,2.02,ถ้วยตวง
ฟักทอง เนื้อ ไม่ปอกเปลือก ต้ม,vegetable,65.97,1.38,14.02,0.48,2.52,ถ้วยตวง
ฟักทอง เนื้อ ไม่ปอกเปลือก ดิบ,vegetable,34.22,0.96,6.8,0.35,1.46,ทัพพี
ฟักทอง พันธุ์ศรีเมือง ดิบ,vegetable,31.9,0.86,6.8,0.14,0.5,ทัพพี
ข่า ดอก ดิบ,vegetable,31.09,0.96,6.81,0,0,ถ้วยตวง
ผักกวางตุ้ง ต้ม,vegetable,15.55,1.41,2.01,0.21,1.83,ถ้วยตวง
ผักคะน้า ต้ม,vegetable,20.06,2.02,2.62,0.17,0,ถ้วยตวง
ผักโขมราชินี ดิบ,vegetable,9.14,1.58,0.22,0.22,1.87,ถ้วยตวง
ผักคราด ดิบ,vegetable,65.58,3.55,10.57,1.01,3.25,ถ้วยตวง
ผักคะน้า ยอดอ่อน ดิบ,vegetable,26.12,2.18,3.78,0.25,0,ถ้วยตวง
ผักคะน้าฮ่องกง ดิบ,vegetable,11.41,0.79,1.66,0.18,0.79,ทัพพี
ผักจวง ดิบ,vegetable,139.06,3.57,30.43,0.34,20.66,ถ้วยตวง
ผักดาวส้มดาวขม ดิบ,vegetable,29.77,2.7,3.73,0.45,0,100 กรัม
ผักติ้วมอญ ดิบ,vegetable,23.11,0.83,3.43,0.67,0,ถ้วยตวง
ผักบ็อกซอย ดิบ,vegetable,6.23,0.76,0.72,0.04,0.58,ทัพพี
ผักปรีเดอม ดิบ,vegetable,112,2.42,23.33,1,0,100 กรัม
เห็ดโคนญี่ปุ่น ต้ม,vegetable,49.22,6.17,4.75,0.62,4.66,ถ้วยตวง
เห็ดนางฟ้า ต้ม,vegetable,35.47,2.68,5,0.52,5.59,ถ้วยตวง
เห็ดนางรมหลวง / เห็ดออรินจิ ต้ม,vegetable,58.03,3.65,9.79,0.47,6.41,ถ้วยตวง
เห็ดเป๋าฮื้อ ต้ม,vegetable,47.52,3.12,7.91,0.38,6.7,ถ้วยตวง
เห็ดเผาะ ต้ม,vegetable,130.83,3.62,25.23,1.71,28.04,ถ้วยตวง
เห็ดกระดุม / แชมปิญอง ดิบ,vegetable,8.55,1.2,0.82,0.05,0,ทัพพี
เห็ดไคขาว ดิบ,vegetable,58.2,5.08,8.11,0.6,7.02,ถ้วยตวง
เห็ดชาง ดิบ,vegetable,197,2.4,46.4,0.2,0,100 กรัม
เห็ดตะไคล ดิบ,vegetable,49.28,4.31,6.84,0.52,0,ถ้วยตวง
เห็ดนางรมฮังการี ดิบ,vegetable,47.8,3.99,7.14,0.36,4.11,ถ้วยตวง
เห็ดปลวกจิก / เห็ดข้าวตอก ดิบ,vegetable,45.92,4.48,5.74,0.56,1.12,ถ้วยตวง
เห็ดปลวกตาบ ดิบ,vegetable,49.73,5.32,6.29,0.36,2.06,ถ้วยตวง
เห็ดภูฐาน / เห็ดนางฟ้าภูฐาน / เห็ดนางรมภูฐาน ดิบ,vegetable,35.57,3.51,4.84,0.24,2.9,ถ้วยตวง
เห็ดระโงกขาว / เห็ดไข่ห่านขาว ดิบ,vegetable,36.96,3.08,4.9,0.56,1.96,ถ้วยตวง
เห็ดระโงกเหลือง / เห็ดไข่ห่านเหลือง ดิบ,vegetable,34.86,2.94,4.2,0.7,1.68,ถ้วยตวง
เห็ดหูหนูขาว ดิบ,vegetable,9.18,0.23,2.07,0,1.51,ทัพพี
เยื่อไผ่ แห้ง / เห็ดร่างแห,vegetable,42.16,1.51,8.72,0.13,3.38,ทัพพี
ขิง หั่นฝอย,vegetable,40.74,0.78,8.81,0.26,0,ถ้วยตวง
ถั่วงอก ดอง,vegetable,12.28,1.13,1.8,0.06,0,ทัพพี
ถั่วงอก ในน้ำเกลือ,vegetable,7,0.61,0.99,0.07,0.65,ทัพพี
แครอท อบกรอบ,vegetable,277.58,3.17,26.44,17.68,9.26,ถ้วยตวง
ผักพังคี ดิบ,vegetable,64.33,1.63,13.35,0.49,0,ถ้วยตวง
ผักมันปู / มะเนียงน้ำ ใบ ดิบ,vegetable,55,1.96,11.56,0.1,8.15,ถ้วยตวง
ผักลำโบ้ ดิบ,vegetable,32.8,0.99,7.03,0.08,0,100 กรัม
ผักว๊อกแวม ดิบ,vegetable,72.14,3.34,10.06,2.06,0,100 กรัม
ผักเสม็ด ยอดอ่อน ดิบ,vegetable,51.96,1.66,9.94,0.62,6.21,ถ้วยตวง
ผักเสี้ยว / ชงโค (จ.เชียงใหม่),vegetable,18.12,1.89,2.1,0.24,0,ถ้วยตวง
ผักแส้ว ยอดอ่อน ดิบ,vegetable,15.63,1.38,1.92,0.27,0,ถ้วยตวง
ผักหางหมาม้อ ดิบ,vegetable,95.32,3.43,17.88,1.12,0,100 กรัม
ผักออบแอบ / ส้มอ๊อบแอ๊บ ใบ ดิบ,vegetable,72.24,2.7,13.15,0.98,7.84,ถ้วยตวง
มะเขือเปราะ ดอง,vegetable,31.75,1.27,6.19,0.21,0,ถ้วยตวง
มะระขี้นก ยอดอ่อน ดิบ,vegetable,36.88,4.45,3.84,0.41,4,ถ้วยตวง
สะเดา ดอก ดิบ,vegetable,88.44,4.64,10.48,3.11,8.34,ถ้วยตวง
หัวผักกาด / หัวไชเท้า ดอง หวาน,vegetable,20.9,0.49,4.56,0.08,0,ทัพพี
หัวผักกาด แห้ง หวาน / หัวไชโป๊ว,vegetable,49.67,0.34,11.82,0.11,0,ทัพพี
เอื้องน้ำ / ผักไผ่น้ำ,vegetable,30.1,0.8,6.5,0.1,3.8,100 กรัม
ไก่ ข้อ / เข่า ต้ม,vegetable,68.98,7.22,0.07,4.42,0,ทัพพี
ไก่ ข้อ / เข่า ทอด,vegetable,78.38,9.68,0.3,4.27,0,ทัพพี
ปลาซาดีน ในซอสมะเขือเทศ บรรจุกระป๋อง,vegetable,135.15,21.5,4.33,3.54,1.78,ถ้วยตวง
ปลาทับทิมนึ่งมะนาว (เฉพาะปลากับผัก ไม่รวมน้ำราด),vegetable,95.54,18.22,0.67,2.22,0.66,ถ้วยตวง
ปลาทู ในซอสมะเขือเทศและพริก บรรจุกระป๋อง,vegetable,162.72,23.76,5.41,5.12,2.63,ถ้วยตวง
ปลาแมคเคอเรล นึ่งซีอิ๊วเห็ดหอม บรรจุกระป๋อง,vegetable,321.2,24.34,11.39,19.81,2.96,ถ้วยตวง
ปลาแมคเคอเรล ในซอสมะเขือเทศ บรรจุกระป๋อง,vegetable,225.42,23.71,2.11,13.57,3.9,ถ้วยตวง
ซอสมะเขือเทศ / แคทชับ,vegetable,215.21,3.18,49.59,0.46,2.27,ถ้วยตวง
ซีเซ็กฉ่าย / ผักผสมดองเค็ม,vegetable,43.33,1.57,8.87,0.17,0,ถ้วยตวง
ตะไคร้,vegetable,65.63,0.75,13.16,1.11,7.6,ถ้วยตวง
ผักกาดดอง กระป๋อง / ฮั่วน่ำฉ่าย,vegetable,32.02,1.13,6.87,0,0,ถ้วยตวง
ซอสพริกผสมมะเขือเทศ,vegetable,254.57,5.69,56.42,0.68,0,ถ้วยตวง
ข่าอ่อน หน่อ,vegetable,22.18,2.02,2.39,0.5,0,ถ้วยตวง
ข่าอ่อน หัว,vegetable,25.58,1.64,3.91,0.38,1.76,ถ้วยตวง
ขิงแก่,vegetable,47.25,1.51,9.45,0.38,1.51,ถ้วยตวง
มะเขือเทศ เพสท์,vegetable,208.39,7.73,42.32,0.91,0,ถ้วยตวง
ผักชี เมล็ด,vegetable,16.27,0.68,3.32,0.03,2,ช้อนโต๊ะ
ผักชี ราก,vegetable,11.48,0.34,2.44,0.04,1.16,ถ้วยตวง
ข่าแก่,vegetable,44.66,0.87,9.82,0.21,1.25,ถ้วยตวง
ขิง ดอง เค็ม,vegetable,46.49,0.63,10.71,0.13,1.26,ถ้วยตวง
ซอสมะเขือเทศในน้ำปลากระป๋อง,vegetable,296.72,2.75,44.01,12.18,1.96,ถ้วยตวง
ขิงแก่ คั่ว,vegetable,104.89,3.36,20.98,0.84,3.36,ถ้วยตวง
ขิงแก่ เผา,vegetable,104.89,3.36,20.98,0.84,3.36,ถ้วยตวง
ข่าแก่ คั่ว / เผา,vegetable,153.85,2.52,34.69,0.56,0,ถ้วยตวง
ซอสเห็ดหอม,vegetable,137.64,5.69,28.21,0.23,0,ถ้วยตวง
ซอสมะเขือเทศผสมแครอท,vegetable,273.57,4.44,15.79,21.41,4.32,ถ้วยตวง
น้ำมะเขือเทศ,vegetable,71.99,1.32,15.63,0.46,1.37,ถ้วยตวง
น้ำมะเขือเทศผสมน้ำผลไม้รวม 60% (ตรา มาลี เซลฟ์พลัส),vegetable,114.59,0,28.65,0,0,ถ้วยตวง
น้ำแครอทผสมผลไม้รวม 100% (ตรา ยูนิฟ),vegetable,93.37,0,23.34,0,0,ถ้วยตวง
น้ำแครอทม่วงผสมผลไม้รวม 100% (ตรา ยูนิฟ),vegetable,106.1,0,26.52,0,0,ถ้วยตวง
น้ำผลไม้รวมผสมผักใบเขียว 100% (ตรา ยูนิฟ),vegetable,106.1,0,26.52,0,0,ถ้วยตวง
น้ำขิง,vegetable,43.84,0,10.96,0,0,ถ้วยตวง
สลัด (ผัก + ครีม),vegetable,98.78,1.34,9.74,6.05,0,ถ้วยตวง
แซนด์วิชไส้ไก่ทอดกรอบ ใส่ผักกาด มะเขือเทศ มายองเนส,vegetable,165.4,6.56,16.44,8.15,0.84,ถ้วยตวง
ข้าวผัดกุ้ง ใส่แครอท หอมใหญ่,vegetable,250.26,8.11,30.15,10.8,0.74,ถ้วยตวง
ข้าวผัดกุ้ง ใส่แครอท,vegetable,292.08,11.74,30.92,13.49,0.64,ถ้วยตวง
ข้าวผัดกุ้ง ใส่คะน้า,vegetable,245.13,7.94,30.73,10.05,0.84,ถ้วยตวง
ข้าวผัดใส่ผัก ไม่มีเนื้อสัตว์,vegetable,237.24,4.72,39.56,6.68,2.23,ถ้วยตวง
ข้าวผัดหมู ใส่ไข่ คะน้า,vegetable,207.33,7.25,32.27,5.47,0.57,ถ้วยตวง
ข้าวราดผัดเครื่องในใส่ขิง,vegetable,225.41,5.63,29.7,9.34,0,ถ้วยตวง
"พิซซ่า หน้าต่างๆ (ไก่, เนื้อ, เบคอน, ผัก, มายองเนส, ทูน่า)",vegetable,255.01,12.2,29.95,9.6,2.18,ชิ้น (กลาง)
แจ่วมะเขือเทศ,vegetable,99.11,5.68,15.48,1.61,3.2,ถ้วยตวง
ซุบมะเขือเปราะ,vegetable,83.48,3.94,15.28,0.74,6.4,ถ้วยตวง
ซุบมะเขือเปราะใส่ปลาดุก,vegetable,170.5,14.78,19.79,3.58,11.48,ถ้วยตวง
ซุบมะเขือเปราะใส่ปลาทู,vegetable,181.42,14.26,25.3,2.58,6.56,ถ้วยตวง
ตำถั่วฝักยาว,vegetable,77.61,3.59,14.19,0.72,4.7,ถ้วยตวง
ผัดผักบุ้งจีน / ผัดผักบุ้งไฟแดง,vegetable,170.85,4.19,8.64,13.28,3.44,ถ้วยตวง
ต้มปลาดุก ใส่ใบมะขามอ่อน ผักแขยง (อีสาน),vegetable,90.75,11.94,6.73,1.78,3.65,ถ้วยตวง
แกงเนื้อวัวใส่บวบกลม (ไม่ใส่กะทิ อาหารอีสาน),vegetable,202.22,11.99,7.21,13.93,1.93,ถ้วยตวง
แกงหน่อไม้ไผ่ตงใส่เห็ด (ไม่ใส่กะทิ อาหารอีสาน),vegetable,45.64,3.29,7.23,0.4,0.77,ถ้วยตวง
แกงปลาหมอใส่บวบกลม (ไม่ใส่กะทิ อาหารอีสาน),vegetable,110.83,12.68,3.66,5.05,1.13,ถ้วยตวง
แกงเห็ดลม (ไม่ใส่กะทิ อาหารอีสาน),vegetable,139.71,5.37,27,1.14,2.92,ถ้วยตวง
แกงเห็ดฟาง (ไม่ใส่กะทิ อาหารอีสาน),vegetable,29.03,2.15,4.22,0.39,2,ถ้วยตวง
แกงเห็ดโคน (ไม่ใส่กะทิ อาหารอีสาน),vegetable,38.14,2.72,5.62,0.53,1.92,ถ้วยตวง
แกงเนื้อวัวใส่ผักกวางตุ้ง (ไม่ใส่กะทิ อาหารอีสาน),vegetable,176.6,10.75,5.83,12.25,2.98,ถ้วยตวง
แกงกบใส่ฟักทอง,vegetable,127.37,3.86,8.33,8.74,1.44,ถ้วยตวง
แกงปลาดุกใส่บวบกลม (ไม่ใส่กะทิ อาหารอีสาน),vegetable,49.63,5.03,5.17,0.98,1.43,ถ้วยตวง
แกงกบใส่บวบกลม (ไม่ใส่กะทิ อาหารอีสาน),vegetable,56.17,5.28,6.91,0.82,2.08,ถ้วยตวง
แกงปลาช่อนใส่ผักกาดเขียว (ไม่ใส่กะทิ อาหารอีสาน),vegetable,63.48,9.46,2.82,1.59,1.87,ถ้วยตวง
แกงปลาช่อนใส่ผักกาดขาว (ไม่ใส่กะทิ อาหารอีสาน),vegetable,39.8,6.21,1.56,0.97,1.17,ถ้วยตวง
แกงปลาช่อนใส่บวบกลม (ไม่ใส่กะทิ อาหารอีสาน),vegetable,73.6,9.96,4.2,1.88,1.26,ถ้วยตวง
แกงอ่อมไก่ใส่ผักรวม,vegetable,135.07,10.75,7.77,6.78,1.85,ถ้วยตวง
แกงอ่อมกบใส่ดอกบวบ,vegetable,52.63,5.54,6.42,0.53,1.83,ถ้วยตวง
แกงอ่อมกบใส่บวบกลม,vegetable,69.17,7.43,8.97,0.4,1.69,ถ้วยตวง
แกงอ่อมกบใส่ผักโขม,vegetable,53.64,8.78,3.2,0.63,1.72,ถ้วยตวง
แกงอ่อมกบใส่ยอดมะระ,vegetable,76.58,12.89,4.92,0.59,2.06,ถ้วยตวง
คั่วเนื้อใส่มะเขือเปราะ,vegetable,178.25,11.05,3.36,13.4,1.29,ถ้วยตวง
คั่วกบใส่บวบกลม,vegetable,59,7.83,6.02,0.4,1.76,ถ้วยตวง
คั่วเนื้อใส่ผักกาดขาว,vegetable,183.54,12.24,1.57,14.26,1.6,ถ้วยตวง
ป่นเห็ดเผาะ,vegetable,151.15,3.23,34.02,0.24,0.41,ถ้วยตวง
ป่นเห็ดโคน,vegetable,82.7,7.28,11.31,0.93,2.93,ถ้วยตวง
ป่นกบใส่มะเขือเปราะ,vegetable,54.21,8.24,4.09,0.54,1.48,ถ้วยตวง
ซุบมะเขือเปราะใส่ปลาช่อน,vegetable,73.36,8.58,6.36,1.51,2.4,ถ้วยตวง
ซุบมะเขือเปราะใส่ปลาหมอ,vegetable,89.37,7.78,8.14,2.86,2.92,ถ้วยตวง
ซุบมะเขือเปราะใส่กบ เขียด,vegetable,84.79,11.52,7.95,0.77,2.91,ถ้วยตวง
ซุบเห็ดขอนใส่ปลาช่อน,vegetable,146.82,7.29,19.21,4.53,1.5,ถ้วยตวง
ซุบเห็ดขอนใส่ปลาทู,vegetable,180.31,10.43,21.66,5.77,1.18,ถ้วยตวง
ซุบมะเขือยาวใส่ปลาทู,vegetable,96.37,8.45,12.33,1.47,5.15,ถ้วยตวง
อู๋เห็ดปลวก,vegetable,43.46,1.65,8.79,0.19,1.99,ถ้วยตวง
หมกเห็ดลมบด,vegetable,289.48,6.94,64.05,0.61,1.4,ถ้วยตวง
ตำข่า,vegetable,57.02,3.21,8.61,1.08,2.04,ถ้วยตวง
ตำขนุนอ่อนใส่มะเขือพวง,vegetable,56.35,3.07,8.21,1.25,5.31,ถ้วยตวง
ตำขนุนอ่อนใส่มะเขือเปราะ,vegetable,65.86,2.89,11,1.14,2.87,ถ้วยตวง
ตำแตงกวา,vegetable,49.75,2.3,9.17,0.43,2.06,ถ้วยตวง
ตำมะละกอใส่ถั่วฝักยาว,vegetable,53.74,2.79,9.9,0.33,3.22,ถ้วยตวง
แจ่วข่า,vegetable,164.13,9.42,23.14,3.77,13.52,ถ้วยตวง
แจ่วเห็ดฟาง,vegetable,83.48,6.72,11.92,0.99,5.65,ถ้วยตวง
แจ่วเห็ดโคน,vegetable,127.36,10.56,17.43,1.71,6.25,ถ้วยตวง
แจ่วพริกใส่ผัก,vegetable,59.54,6.47,5.7,1.21,3.89,ถ้วยตวง
ผัดผักบุ้งจีนใส่หมูสับ,vegetable,175.02,9.24,5.96,12.69,2.43,ถ้วยตวง
ผัดผักบุ้งไทยต้นแดง,vegetable,161.45,3.12,15.13,9.83,5.13,ถ้วยตวง
ผัดแตงกวาใส่หมู,vegetable,107.32,7.04,4.62,6.74,0.62,ถ้วยตวง
ผัดถั่วงอกใส่หมู,vegetable,169.97,12.16,7.48,10.16,1.67,ถ้วยตวง
ผัดบวบหอมใส่ไข่,vegetable,106.71,3.81,6.58,7.24,1.11,ถ้วยตวง
ผัดกะหล่ำปลีใส่หมู,vegetable,136.07,16.69,7.68,4.29,2.22,ถ้วยตวง
ผัดกะหล่ำดอกใส่หมู,vegetable,118.69,5.37,6.86,7.75,2.09,ถ้วยตวง
ผัดถั่วฝักยาวใส่หมู,vegetable,129.23,11.29,6.55,6.43,2.52,ถ้วยตวง
ผัดผักบุ้งไทยต้นขาวใส่หมู,vegetable,136.03,18,5.85,4.51,2.87,ถ้วยตวง
ผัดผักคะน้าใส่หมู,vegetable,223.7,16.24,8.64,13.8,3.06,ถ้วยตวง
ทอดมันปลากราย ใส่ถั่วฝักยาว,vegetable,78.1,4.94,1.35,5.88,1.35,ทัพพี
ไข่เจียวตำลึง / ตำลึงชุบไข่ทอด,vegetable,274.3,9.39,3.93,24.55,0.89,ถ้วยตวง
ผักกาดดองผัดไข่,vegetable,199.11,6.36,11.15,14.34,1.11,ถ้วยตวง
มะเขือยาวชุบไข่ทอด,vegetable,458.98,8.38,11.82,42.02,3.53,ถ้วยตวง
แกงส้มผักรวมปลาช่อนต้ม,vegetable,74.14,7.76,9.2,0.7,2.8,ถ้วยตวง
ต้มข่าไก่,vegetable,223.88,14.1,6.86,15.56,1.26,ถ้วยตวง
น้ำปลาหวาน (กินกับสะเดา),vegetable,564.88,4.36,116.5,9.05,1.68,ถ้วยตวง
แกงผักเหรียงใส่เนื้อหมู (กะเหรี่ยงเมืองกาญฯ),vegetable,96.2,3.05,7.41,6.04,0.81,100 กรัม
ผัดผักกูด (กะเหรี่ยงเมืองกาญฯ),vegetable,99.58,2.48,3.56,8.38,3.56,100 กรัม
ผัดมาม่าใส่ยอดฟักทองหมูบด (กะเหรี่ยงเมืองกาญฯ),vegetable,255.45,9.9,17.2,16.34,2.36,ถ้วยตวง
ต้มกระดูกหมูผักฮาก (กะเหรี่ยงเมืองกาญฯ),vegetable,70.24,5.01,4.36,3.64,0.13,100 กรัม
แกงจืดตำลึงใส่ปลาทู (กะเหรี่ยงเมืองกาญฯ),vegetable,11.75,1.49,1.02,0.19,0.58,100 กรัม
ผัดเผ็ดเครื่องในไก่ใส่มะเขือเปราะ (กะเหรี่ยงเมืองกาญฯ),vegetable,126.31,7.3,7.38,7.51,4.38,100 กรัม
น้ำพริกปลาทู ใส่มะม่วง กินกับผักกูดสด (กะเหรี่ยงเมืองกาญฯ),vegetable,67.06,5.46,8.56,1.22,5.31,100 กรัม
แกงอ่อมไก่ใส่ฟักทอง,vegetable,141.08,9.07,14.69,5.11,4.06,ถ้วยตวง
แจ่วบอง ใส่มะเขือเทศ,vegetable,310.04,13.45,50.07,6.22,10.34,ถ้วยตวง
ซุบมะเขือเปราะใส่ปลาร้า ใส่น้ำน้อย,vegetable,95.64,9.95,10.98,1.33,5.25,ถ้วยตวง
ซุบมะเขือเปราะใส่ปลาร้า ใส่น้ำมาก,vegetable,159.91,10.84,13.94,6.76,4.89,ถ้วยตวง
ซุบเห็ดฟาง ใส่ปลาทู,vegetable,124.5,13.7,12.93,1.99,4.41,ถ้วยตวง
ซุบเห็ดฟาง,vegetable,67.2,6.15,9.02,0.72,4.96,ถ้วยตวง
ตำถั่วฝักยาวใส่มะเขือเทศ,vegetable,85.92,3.93,15.84,0.76,5.27,ถ้วยตวง
ส้มตำลาว ใส่ถั่วฝักยาว,vegetable,71.55,1.81,14.63,0.64,3.53,ถ้วยตวง
แกงเขียวหวานไก่ ใส่มะเขือเปราะและเลือด,vegetable,214.79,16.35,9.15,12.53,2.88,ถ้วยตวง
แกงเขียวหวานไก่ ใส่มะเขือเปราะ,vegetable,346.42,11.99,16.9,25.65,5.46,ถ้วยตวง
ผัดพริกแกงปลาดุกทอดกรอบ ใส่มะเขือเปราะ,vegetable,144.51,17.37,12.78,2.66,2.77,ถ้วยตวง
แกงจืดตำลึงหมู ใส่ตับ ลูกชิ้นปลา,vegetable,49.46,7.76,1.96,1.17,0.65,ถ้วยตวง
ผัดกะเพราไก่ ใส่เห็ดฟาง,vegetable,329.72,21.97,7.69,23.45,2.13,ถ้วยตวง
ผัดผักรวมมิตร,vegetable,135.86,4.43,12.99,7.36,4.72,ถ้วยตวง
ยำมะเขือยาว ใส่ไข่ต้ม,vegetable,167.21,20.91,12.2,3.86,3.63,ถ้วยตวง
ยำมะเขือยาว,vegetable,165.6,21.22,14.64,2.46,3.61,ถ้วยตวง
แกงส้มผักรวมปลาช่อน,vegetable,136.59,7.3,23.61,1.44,1.76,ถ้วยตวง
น้ำพริกกะปิ ใส่กุ้งแห้งไม่มีเปลือกป่น ไม่ใส่มะเขือพวง,vegetable,396.79,15.67,81.45,0.92,2.32,ถ้วยตวง
แกงผักปลังใส่แหนม,vegetable,91.03,6.79,6.99,3.99,2.88,ถ้วยตวง
แกงผักหละ,vegetable,123.21,5.52,23.68,0.71,1.34,ถ้วยตวง
แกงผักหวานใส่ปลาแห้ง,vegetable,75.4,6.34,10.74,0.79,0.16,ถ้วยตวง
แกงผักหวานใส่หมูสามชั้น,vegetable,126.53,6.07,9.51,7.14,1.1,ถ้วยตวง
แกงผักหวานใส่ปลาช่อน,vegetable,75.31,7.92,7.55,1.49,0.59,ถ้วยตวง
ข้าวพันผัก สูตรสุกี้,vegetable,235.55,11.5,30.27,7.61,3.17,ชิ้น (กลาง)
ข้าวพันผัก สูตรดั้งเดิม,vegetable,170.24,9.72,19.92,5.74,2.38,ชิ้น (กลาง)
หมี่พันผัก สูตรหมูตุ๋น,vegetable,246.02,24.09,26.38,4.91,2.53,ชิ้น (กลาง)
จอผักกาด,vegetable,135.8,11.63,4.87,7.76,1.93,ถ้วยตวง
จอผักกาด ไม่ใส่ปลาร้า,vegetable,122.82,5.99,10.64,6.25,2.29,ถ้วยตวง
จอผักกาด ใส่ถั่วเน่า,vegetable,183.04,9.39,11.02,11.27,2.2,ถ้วยตวง
ตำมะเขือยาว,vegetable,112.82,8.98,12.43,3.02,5.66,ถ้วยตวง
น้ำพริกข่า ไม่ใส่กระเทียม,vegetable,198.38,25.36,12.62,5.16,5.44,ถ้วยตวง
น้ำพริกข่า,vegetable,189.23,17.64,21.57,3.6,2.91,ถ้วยตวง
น้ำพริกข่า เค็มมาก,vegetable,164.55,13.49,20.02,3.39,7.14,ถ้วยตวง
น้ำพริกปลานิล ใส่มะเขือเทศ,vegetable,119.46,12.41,14.03,1.53,4.21,ถ้วยตวง
น้ำพริกหนุ่ม ใส่มะเขือยาว,vegetable,96.26,3.8,19.39,0.39,7.2,ถ้วยตวง
ป่นมะเขือยาว,vegetable,112.25,7.23,13.15,3.41,5.17,ถ้วยตวง
ป่นมะเขือยาวใส่หมูสับ,vegetable,379.31,9.95,16.29,30.48,5.96,ถ้วยตวง
ยำจิ้นไก่ใส่เห็ดนางฟ้า,vegetable,191.51,13.63,15.73,8.23,6.58,ถ้วยตวง
ส้ามะเขือ เค็มน้อย,vegetable,87.45,4.73,11.15,2.66,2.33,ถ้วยตวง
ส้ามะเขือ,vegetable,142.71,8.32,16.3,4.91,1.88,ถ้วยตวง
ส้ามะเขือ เค็มมาก,vegetable,125.21,8.87,12.19,4.55,1.43,ถ้วยตวง
หมกเห็ดฟาง,vegetable,77.17,5.8,11.89,0.71,5.37,ถ้วยตวง
แกงเลียงใส่ผักบุ้งไทยต้นขาว (ภาคใต้),vegetable,83.68,4.94,11.16,2.14,1.58,ถ้วยตวง
แกงเลียงใส่ผักหวาน ผักโขมน้อย (ภาคใต้),vegetable,61.55,6.52,7.28,0.71,2.69,ถ้วยตวง
น้ำพริกกะปิ ใส่มะเขือเปราะ,vegetable,366.74,14.13,73.13,1.97,5.13,ถ้วยตวง
ผักกูดลวกกะทิ,vegetable,406.06,9.26,21.61,31.4,6.68,ถ้วยตวง
ผักเหลียงลวกกะทิ,vegetable,335.98,3.93,21.07,26.22,9.86,ถ้วยตวง
ผักแมะลวกกะทิ,vegetable,348.93,6.58,15.95,28.76,4.74,ถ้วยตวง
แกงคั่วหอยขม ใส่ถั่วฝักยาว,vegetable,288.27,15.04,16.73,17.91,3.08,ถ้วยตวง
แกงจืดเต้าหู้ไข่สาหร่ายหมูสับ ใส่เห็ดหอม,vegetable,187.92,13.12,17.04,7.48,6.81,ถ้วยตวง
แกงจืดเต้าหู้ไข่หมูสับ ใส่เห็ดหอม,vegetable,68.72,5.14,4.33,3.43,1.17,ถ้วยตวง
แกงเทโพหมูสามชั้นผักบุ้งไทยต้นแดง,vegetable,376.77,8.07,19.66,29.54,5.09,ถ้วยตวง
แกงเทโพหมูสามชั้นผักบุ้งไทยต้นขาว,vegetable,325.32,6.92,22.19,23.21,4.45,ถ้วยตวง
แกงป่าปลาเห็ดโคน,vegetable,93.13,12.67,5.49,2.28,2.42,ถ้วยตวง
แกงส้มผักกะเฉดกุ้งสด,vegetable,112.32,7.15,19.6,0.59,2.58,ถ้วยตวง
แกงส้มผักรวมกุ้งสด,vegetable,74.36,6.02,11.03,0.68,3.64,ถ้วยตวง
แกงส้มผักรวมกุ้งสด ใส่ปลาช่อน,vegetable,62.51,8.05,5.6,0.88,1.38,ถ้วยตวง
แกงส้มผักรวมปลานิล,vegetable,79.62,8.22,9.34,1.04,1.52,ถ้วยตวง
แกงส้มผักรวมปลาช่อน ใส่ปลาร้า,vegetable,75.09,5.64,10.84,1.02,2.89,ถ้วยตวง
แกงส้มผักรวมกุ้งสด ใส่ปลาช่อน ใส่ปลาร้า,vegetable,74.82,8.07,8.27,1.05,1.91,ถ้วยตวง
ผัดผักคะน้าน้ำมันหอย,vegetable,175.26,4.34,12.17,12.13,4.46,ถ้วยตวง
ผัดผักคะน้าน้ำมันหอย ใส่เห็ดหอม,vegetable,199.7,5.73,16.72,12.21,4.33,ถ้วยตวง
ผัดผักคะน้าฮ่องกงน้ำมันหอย,vegetable,196.18,3.64,10.08,15.7,4.09,ถ้วยตวง
ต้มข่าไก่ใส่เห็ดนางฟ้า,vegetable,258.56,6.78,9.13,21.66,3.23,ถ้วยตวง
ต้มยำไก่บ้านใส่เห็ดฟาง,vegetable,67.54,9.22,4.33,1.48,1.08,ถ้วยตวง
ต้มยำปลาคังใส่เห็ดฟาง,vegetable,77.39,6.8,5.63,3.07,1.34,ถ้วยตวง
ต้มยำปลานิลใส่เห็ดฟาง,vegetable,67.9,9.26,5.01,1.2,1.46,ถ้วยตวง
ต้มยำปลาม้าใส่เห็ดฟาง,vegetable,97.06,15.62,3.58,2.25,1.09,ถ้วยตวง
ต้มยำรวมมิตร (หมู กุ้ง หมึก) น้ำใส ใส่เห็ดนางฟ้า,vegetable,78.77,10.2,5.95,1.57,1.73,ถ้วยตวง
ต้มยำทะเลน้ำข้น ใส่เห็ดนางฟ้า,vegetable,186.86,16.5,18.84,5.06,2.05,ถ้วยตวง
ต้มยำทะเลน้ำใส ใส่เห็ดนางฟ้า,vegetable,107.1,18.33,4.24,1.87,1.13,ถ้วยตวง
ต้มยำทะเลน้ำใส ใส่เห็ดฟาง,vegetable,75.35,12.37,3.34,1.39,1.13,ถ้วยตวง
ทอดมันปลากราย ไม่ใส่ถั่วฝักยาว,vegetable,62.18,6.3,1.77,3.32,0.86,ทัพพี
น้ำราดผักบุ้งทอดกรอบ ใส่ปลาหมึกและกุ้งทะเล,vegetable,270.8,20.88,31.36,6.88,1.5,ถ้วยตวง
ผักบุ้งทอดกรอบ,vegetable,85.22,2.48,13.16,2.52,0.73,ถ้วยตวง
ผัดกะเพราหมูสับ ใส่ถั่วฝักยาว,vegetable,559.36,25.83,13.19,44.81,3.4,ถ้วยตวง
ผัดผักกระเฉด,vegetable,192.47,6.28,13.29,12.69,6.79,ถ้วยตวง
ผัดผักรวมมิตรใส่หมู,vegetable,154.32,12.32,8.85,7.74,2.76,ถ้วยตวง
ผัดเผ็ดปลาดุกมะเขือเปราะ ไม่ใส่กะทิ,vegetable,261.23,13.64,12.82,17.27,3.74,ถ้วยตวง
ผัดเผ็ดลูกชิ้นปลากรายมะเขือเปราะ ไม่ใส่กะทิ,vegetable,148.4,11.51,12.03,6.02,2.73,ถ้วยตวง
ผัดพริกขิงหมูสับ,vegetable,452.42,19.25,16.64,34.32,3.35,ถ้วยตวง
ผัดพริกขิงหมูสามชั้น,vegetable,482.47,12.85,17.97,39.91,3.16,ถ้วยตวง
แกงป่าฟักทองใส่หมู,vegetable,105.34,11.7,10.87,1.67,3.97,ถ้วยตวง
แกงส้มผักรวม,vegetable,56.09,5.06,8.23,0.33,3.71,ถ้วยตวง
ซุปมะเขือ,vegetable,68.1,7.6,4.7,2.1,2.8,100 กรัม
ผัดเผ็ดถั่วฝักยาว,vegetable,163.58,26.25,7.18,3.31,3.71,ถ้วยตวง
ผัดพริกขิงไก่ใส่ถั่วฝักยาว,vegetable,250.12,18.31,16.49,12.32,11.8,ถ้วยตวง
แกงบวดฟักทอง,vegetable,357.63,2.82,49.41,16.52,3.87,ถ้วยตวง
ฟักทองนึ่งโรยมะพร้าว,vegetable,161.4,1.46,35.6,1.46,2.72,ถ้วยตวง
น้ำแกงต้มข่าไก่,vegetable,353.29,5.04,7.43,33.71,2.36,ถ้วยตวง
ซุปข้น เห็ด กระป๋อง สำหรับเติมนมไขมันต่ำ 1 เท่าตัว,vegetable,135.87,4.96,12.1,7.52,0.63,ถ้วยตวง
อาหารเสริม ข้าวเจ้าผสมผักรวม ชนิดผง ทารกและเด็ก 6 ด.-1 ปี (ตรา เกอร์เบอร์),vegetable,277.69,11.27,48.57,4.26,0.55,ถ้วยตวง
อาหารเสริม แครอทชนิดข้น สูตร 1 พร้อมกิน ทารกและเด็ก 7 ด.-2 ปี (ตรา เกอร์เบอร์),vegetable,67.49,1.86,13.96,0.47,0,ถ้วยตวง
อาหารเสริม เนื้อไก่ผสมผักและข้าวเจ้า จูเนียร์ พร้อมกิน ทารกและเด็ก 8 ด.-3 ปี ชนิดผสม (ตรา ไฮนซ์),vegetable,108.65,5.32,16.44,2.4,0,ถ้วยตวง
อาหารเสริม เนื้อไก่ผสมผักและข้าวเจ้า พร้อมกิน ทารกและเด็ก 6 ด.-3 ปี ชนิดผสม (ตรา ไฮนซ์),vegetable,128.66,6.84,21.47,1.71,0,ถ้วยตวง
อาหารเสริม ผักผสมรสไก่ พร้อมกิน ทารกและเด็ก 6 ด.-3 ปี ชนิดผสม (ตรา ไฮนซ์),vegetable,106.06,6.68,14.22,2.5,0,ถ้วยตวง